"Recreation Centers","Address","Zip Code","Phone Number","Website","Location 1"
"Alamo Recreation","2100 Alamo St.","78722","(512) 974-5680","https://www.austintexas.gov/department/alamo-recreation-center","2100 Alamo St Austin TX  (30.282633, -97.719847)"
"Dottie Jordan Recreation Center","2803 Loyola Ln.","78723","(512) 978-2380","https://www.austintexas.gov/department/dottie-jordan-recreation-center","2803 Loyola Ln Austin TX  (30.314377, -97.673367)"
"Lorraine ""Grandma"" Camacho Activity Center","35 Robert Martinez Jr. St.","78702","(512) 978-2420","https://www.austintexas.gov/department/lorraine-grandma-camacho-activity-center","35 Robert Martinez Jr St Austin TX  (30.250098, -97.723303)"
"Oswaldo A. B. Cantu/Pan American Recreation Center","2100 E. 3rd St.","78702","(512) 978-2425","https://www.austintexas.gov/department/oswaldo-ab-cantupan-american-recreation-center","2100 E 3rd St Austin TX  (30.257841, -97.72081)"
"Austin Recreation Center","1301 Shoal Creek Blvd.","78701","(512) 978-2370","https://www.austintexas.gov/department/austin-recreation-center","1301 Shoal Creek Blvd Austin TX  (30.278124, -97.750481)"
"George Morales Dove Springs Recreation Center","5801 Ainez Dr.","78744","(512) 974-3840","https://www.austintexas.gov/department/george-morales-dove-springs-recreation-center","5801 Ainez Dr Austin TX  (30.187717, -97.739513)"
"Hancock Recreation Center","811 E. 41st St.","78751","(512) 978-2335","https://www.austintexas.gov/department/hancock-recreation-center","811 E 41st St Austin TX  (30.300555, -97.72412)"
"Northwest Recreation Center","2913 Northland Dr.","78757","(512) 974-6972","https://www.austintexas.gov/department/northwest-recreation-center","2913 Northland Dr Austin TX  (30.334544, -97.751662)"
"Danny G. McBeth Recreation Center","2401-A Columbus Dr.","78746","(512) 974-9011","https://www.austintexas.gov/department/danny-g-mcbeth-recreation-center","2401-A Columbus Dr Austin TX  (30.266784, -97.777218)"
"South Austin Recreation Center","1100 Cumberland Rd.","78704","(512) 978-2440","https://www.austintexas.gov/department/south-austin-recreation-center","1100 Cumberland Rd Austin TX  (30.241006, -97.768842)"
"Montopolis Recreation Center","1200 Montopolis Dr.","78741","(512) 978-2300","https://www.austintexas.gov/department/montopolis-recreation-and-community-center","1200 Montopolis Dr Austin TX  (30.231914, -97.699009)"
"Givens Recration Center","3811 E. 12th St.","78721","(512) 974-2430","https://www.austintexas.gov/department/givens-recreation-center","3811 E 12th St Austin TX  (30.278373, -97.690739)"
"Delores Duffie Recreation Center","1182 N. Pleasant Valley Rd.","78702","(512) 978-2465","https://www.austintexas.gov/department/delores-duffie-recreation-center","1182 N Pleasant Valley Rd Austin TX  (30.273088, -97.713999)"
"Turner-Roberts Recreation Center","7201 Colony Loop Dr.","78724","(512) 978-2690","https://www.austintexas.gov/department/turner-roberts-recreation-center","7201 Colony Loop Dr Austin TX  (30.302601, -97.637029)"
"Pickfair Community Center","10904 Pickfair Dr.","78750","(512) 974-1320","https://www.austintexas.gov/department/pickfair-community-center","10904 Pickfair Dr Austin TX  (30.43875, -97.810789)"
"Rodolfo ""Rudy"" Mendez Recreation Center","2407 Canterbury St.","78702","(512) 978-2399","https://www.austintexas.gov/department/rodolfo-rudy-mendez-recreation-center","2407 Canterbury St Austin TX  (30.252716, -97.718138)"
"Gustavo ""Gus"" L. Garcia Recration Center","1201 E. Rundberg Ln.","78753","(512) 978-2525","https://www.austintexas.gov/department/gustavo-gus-l-garcia-recreation-center","1201 E Rundberg Ln Austin TX  (30.354041, -97.681519)"
"Virginia L. Brown Recreation Center","7500 Blessing Ave.","78752","(512) 974-7865","https://www.austintexas.gov/department/virginia-l-brown-recreation-center","7500 Blessing Ave Austin TX  (30.331949, -97.693032)"
"Dittmar Recreation Center","1009 W. Dittmar Rd.","78745","(512) 974-6090","https://www.austintexas.gov/department/dittmar-recreation-center","1009 W Dittmar Rd Austin TX  (30.185674, -97.801794)"
"Parque Zaragoza Recreation Center","2608 Gonzales St.","78702","(512) 978-2460","https://www.austintexas.gov/department/parque-zaragoza-recreation-center","2608 Gonzales St Austin TX  (30.261364, -97.712134)"
